Edge Name,Community Size,Communities,Modularity
"(0, 1)",2,"[[0, 2, 3, 4, 5, 6, 10, 11, 12, 13], [8, 1, 7, 9]]",0.555765595463138
"(0, 3)",2,"[[0, 2, 3, 4, 5, 6, 10, 11, 12, 13], [8, 1, 7, 9]]",0.600206611570248
"(0, 2)",3,"[[0, 10, 11, 12, 13], [8, 1, 7, 9], [2, 3, 4, 5, 6]]",0.6485260770975056
"(2, 5)",3,"[[0, 10, 11, 12, 13], [8, 1, 7, 9], [2, 3, 4, 5, 6]]",0.645
